id,consequenceType
rs1319968268,missense
rs1057520217,stop gained
rs1464312281,missense
rs956908942,missense
rs73598374,missense
rs394105,-
rs121908725,missense
rs1209280928,missense
rs1330122216,missense
rs1379847464,missense
rs1270198057,missense
rs762695968,missense
rs1454861940,missense
rs121908724,missense
rs139350872,missense
rs765144557,missense
rs1321058509,missense
rs761815086,missense
rs1004808726,missense
rs1455312539,missense
rs376138229,missense
rs199886437,missense
rs746622099,missense
rs759080719,missense
rs775324175,missense
rs1356820014,missense
rs773388108,missense
rs1251027847,missense
rs376909062,missense
rs1431003280,missense
rs748611869,missense
rs770213537,missense
rs1044335093,missense
rs151336936,missense
rs199961890,missense
rs2065409743,missense
rs780318972,missense
rs1363563144,missense
rs1276626543,missense
rs1306348962,missense
rs1057460440,missense
rs934757654,missense
rs2065409254,missense
rs1294381082,missense
rs750682305,missense
rs77588173,missense
rs760262095,missense
rs752086551,missense
rs774080917,missense
rs1419063255,stop gained
rs968895664,missense
rs762213530,missense
rs769218320,-
rs148785262,missense
rs921477673,missense
rs747528590,missense
rs121908730,missense
rs199422328,missense
rs2065385037,missense
rs374983783,missense
rs121908736,missense
rs1445758422,missense
rs11555566,missense
rs1425739099,missense
rs1192450607,missense
rs121908726,missense
rs776103734,missense
rs772021681,missense
rs778994749,missense
rs1344927471,missense
rs1391023076,missense
rs2065384431,missense
rs1160387427,missense
rs145963969,missense
rs777666040,missense
rs1316605272,missense
rs267606634,missense
rs781241465,missense
rs1437613842,missense
rs1386689344,missense
rs121908717,missense
rs121908714,missense
rs1359688726,missense
rs1452483770,missense
rs201522960,missense
rs267606635,missense
rs121908739,missense
rs62207808,missense
rs1163585601,missense
rs1483743360,missense
rs764409246,missense
rs543345924,missense
rs998826246,missense
rs1427855345,missense
rs1275500780,missense
rs374166838,missense
rs774510141,missense
rs759962237,missense
rs749484894,missense
rs771162170,missense
rs1304346114,missense
rs773612521,missense
rs748035221,missense
rs767782363,missense
rs758073965,frameshift
rs1600923815,missense
rs1458135388,missense
rs1163253413,missense
rs536103858,missense
rs1233957241,missense
rs1436553912,missense
rs7344760,missense
rs1210466003,missense
rs773557479,missense
rs121908731,missense
rs1555844617,frameshift
rs1327639803,missense
rs1555844616,frameshift
rs1323402380,stop gained
rs1460593121,missense
rs1413219982,missense
rs121908732,missense
rs746917604,missense
rs1600923570,missense
rs1199690825,missense
rs780014431,stop gained
rs61732239,missense
rs868364372,missense
rs551821715,missense
rs1568845422,missense
rs1206634144,missense
rs121908733,missense
rs121908737,missense
rs990121469,missense
rs1568845374,missense
rs121908728,missense
rs1568845361,missense
rs371028908,missense
rs121908735,missense
rs121908722,missense
rs867115027,missense
rs767053462,missense
rs1479281280,missense
rs1414736322,missense
rs1028999099,missense
rs1415388139,missense
rs1203163011,missense
rs372671189,missense
rs1600921726,missense
rs371134570,missense
rs2065361731,stop gained
rs1042360,missense
rs748810619,stop gained
rs770456596,missense
rs1600921686,missense
rs777479520,stop gained
rs1600921664,missense
rs886041796,frameshift
rs121908719,missense
rs779346543,missense
rs746363067,missense
rs121908727,missense
rs1421855638,missense
rs1163901568,missense
rs1415459561,missense
rs752944142,missense
rs1555844416,missense
rs767265448,missense
rs2065360796,missense
rs1246778030,missense
rs1057521456,missense
rs767083081,missense
rs1272995596,missense
rs762955658,missense
rs888003863,missense
rs142456343,missense
rs1305402927,stop gained
rs121908734,missense
rs1555844395,stop gained
rs200089190,missense
rs758254007,missense
rs750364735,missense
rs761846813,missense
rs753338833,missense
rs121908740,missense
rs121908716,missense
rs375707215,missense
rs114025668,missense
rs121908723,missense
rs2065348171,frameshift
rs768814204,missense
rs747167602,missense
rs2065347889,missense
rs371353841,missense
rs757210600,missense
rs1195013580,missense
rs747172905,missense
rs1347439202,missense
rs768596356,missense
rs775436011,missense
rs2065346614,frameshift
rs772279816,missense
rs121908729,missense
rs79281338,missense
rs778809577,missense
rs1225623204,frameshift
rs1312320956,missense
rs777820729,missense
rs948856707,missense
rs1568843585,missense
rs766952213,missense
rs1555844120,stop gained
rs754578956,missense
rs751244757,missense
rs765555325,missense
rs762216021,missense
rs1254815787,missense
rs148994526,missense
rs201944717,missense
rs761098217,missense
rs1303099065,missense
rs145863450,missense
rs1329183956,missense
rs1354071013,missense
rs1235719506,missense
rs757796081,frameshift
rs748088317,missense
rs1555844006,frameshift
rs2065342571,stop gained
rs781040248,missense
rs370450947,missense
rs1217198230,missense
rs121908738,missense
rs778167423,missense
rs756480576,missense
rs1320463424,missense
rs542229902,missense
rs1568843302,missense
rs751635016,missense
rs559798694,missense
rs752935199,missense
rs781702460,missense
rs752147539,missense
rs2065327852,stop gained
rs1464247052,missense
rs1017199100,missense
rs1350879122,missense
rs121908721,missense
rs2065327187,frameshift
rs765445980,missense
rs121908718,missense
rs1208759543,missense
rs371305751,missense
rs1337332565,missense
rs760574070,missense
rs1416109540,missense
rs199422327,missense
rs1309102513,missense
rs145924854,missense
rs773914135,missense
rs530131290,missense
rs748974674,missense
rs747500864,missense
rs79249850,missense
rs547569818,missense
rs923650787,missense
rs889823379,missense
rs758501653,missense
rs1319693020,missense
rs1208384344,missense
rs771266745,frameshift
rs765373813,missense
rs1568842375,missense
rs757380249,missense
rs2065325961,frameshift
rs754097992,missense
rs1308151960,missense
rs551832248,missense
rs756329749,missense
rs778031507,missense
rs121908715,missense
rs866477587,missense
rs759355046,missense
rs372131830,missense
rs766550065,missense
rs765787795,missense
rs1196432166,missense
rs1262270901,missense
rs1156976510,missense
rs867629356,missense
rs1379818118,missense
rs769504452,missense
rs2065317387,frameshift
rs1284644841,missense
rs775670821,missense
rs1170562212,missense
rs925706516,missense
rs779530705,missense
rs902376256,missense
rs1327379655,missense
rs1042207236,missense
rs1398663736,missense
rs1373380582,stop gained
rs2065316932,missense
rs1313508972,missense
rs749295575,missense
rs1170608999,missense
rs1568841793,missense
rs1555843039,stop lost
rs1317855210,missense
